Links,Scraped
https://langchain-ai.github.io/langgraph/concepts/human_in_the_loop/,True
https://langchain-ai.github.io/langgraph/guides/,True
https://langchain-ai.github.io/langgraph/reference/prebuilt/,True
https://langchain-ai.github.io/langgraph/tutorials/get-started/1-build-basic-chatbot/,True
https://langchain-ai.github.io/langgraph/concepts/durable_execution/,True
https://langchain-ai.github.io/langgraph/concepts/memory/,True
https://langchain-ai.github.io/langgraph/agents/agents/,True
https://langchain-ai.github.io/langgraph/?q=,True
https://langchain-ai.github.io/langgraph/concepts/agentic_concepts/,True
https://langchain-ai.github.io/langgraph/concepts/deployment_options/,False
https://langchain-ai.github.io/langgraph/additional-resources/,True
https://langchain-ai.github.io/langgraph/concepts/langgraph_studio/,False
https://langchain-ai.github.io/langgraph/how-tos/,True
https://langchain-ai.github.io/langgraph/concepts/template_applications/,True
https://langchain-ai.github.io/langgraph/reference/graphs/,True
https://langchain-ai.github.io/langgraph/tutorials/langgraph-platform/local-server/,True
https://langchain-ai.github.io/langgraph/examples/,True
https://langchain-ai.github.io/langgraph/concepts/low_level/,True
https://langchain-ai.github.io/langgraph/tutorials/workflows/,True
https://langchain-ai.github.io/langgraph/,True
https://langchain-ai.github.io/langgraph/reference/,True
https://langchain-ai.github.io/langgraph/concepts/langgraph_platform/,False
https://langchain-ai.github.io/langgraph/concepts/why-langgraph/,True
